Run_Number,Disk.mdot(msol/yr),Wind.mdot(msol/yr),KWD.d(in_units_of_rstar),KWD.mdot_r_exponent,KWD.acceleration_length(cm),KWD.acceleration_exponent
0.0,3e-09,9e-11,0.55,0.0,725182000.0,0.5
1.0,3e-09,9e-11,0.55,0.0,725182000.0,1.5
2.0,3e-09,9e-11,0.55,0.0,725182000.0,4.5
3.0,3e-09,9e-11,0.55,0.0,7251820000.0,0.5
4.0,3e-09,9e-11,0.55,0.0,7251820000.0,1.5
5.0,3e-09,9e-11,0.55,0.0,7251820000.0,4.5
6.0,3e-09,9e-11,0.55,0.0,72518200000.0,0.5
7.0,3e-09,9e-11,0.55,0.0,72518200000.0,1.5
8.0,3e-09,9e-11,0.55,0.0,72518200000.0,4.5
9.0,3e-09,9e-11,0.55,0.25,725182000.0,0.5
10.0,3e-09,9e-11,0.55,0.25,725182000.0,1.5
11.0,3e-09,9e-11,0.55,0.25,725182000.0,4.5
12.0,3e-09,9e-11,0.55,0.25,7251820000.0,0.5
13.0,3e-09,9e-11,0.55,0.25,7251820000.0,1.5
14.0,3e-09,9e-11,0.55,0.25,7251820000.0,4.5
15.0,3e-09,9e-11,0.55,0.25,72518200000.0,0.5
16.0,3e-09,9e-11,0.55,0.25,72518200000.0,1.5
17.0,3e-09,9e-11,0.55,0.25,72518200000.0,4.5
18.0,3e-09,9e-11,0.55,1.0,725182000.0,0.5
19.0,3e-09,9e-11,0.55,1.0,725182000.0,1.5
20.0,3e-09,9e-11,0.55,1.0,725182000.0,4.5
21.0,3e-09,9e-11,0.55,1.0,7251820000.0,0.5
22.0,3e-09,9e-11,0.55,1.0,7251820000.0,1.5
23.0,3e-09,9e-11,0.55,1.0,7251820000.0,4.5
24.0,3e-09,9e-11,0.55,1.0,72518200000.0,0.5
25.0,3e-09,9e-11,0.55,1.0,72518200000.0,1.5
26.0,3e-09,9e-11,0.55,1.0,72518200000.0,4.5
27.0,3e-09,9e-11,5.5,0.0,725182000.0,0.5
28.0,3e-09,9e-11,5.5,0.0,725182000.0,1.5
29.0,3e-09,9e-11,5.5,0.0,725182000.0,4.5
30.0,3e-09,9e-11,5.5,0.0,7251820000.0,0.5
31.0,3e-09,9e-11,5.5,0.0,7251820000.0,1.5
32.0,3e-09,9e-11,5.5,0.0,7251820000.0,4.5
33.0,3e-09,9e-11,5.5,0.0,72518200000.0,0.5
34.0,3e-09,9e-11,5.5,0.0,72518200000.0,1.5
35.0,3e-09,9e-11,5.5,0.0,72518200000.0,4.5
36.0,3e-09,9e-11,5.5,0.25,725182000.0,0.5
37.0,3e-09,9e-11,5.5,0.25,725182000.0,1.5
38.0,3e-09,9e-11,5.5,0.25,725182000.0,4.5
39.0,3e-09,9e-11,5.5,0.25,7251820000.0,0.5
40.0,3e-09,9e-11,5.5,0.25,7251820000.0,1.5
41.0,3e-09,9e-11,5.5,0.25,7251820000.0,4.5
42.0,3e-09,9e-11,5.5,0.25,72518200000.0,0.5
43.0,3e-09,9e-11,5.5,0.25,72518200000.0,1.5
44.0,3e-09,9e-11,5.5,0.25,72518200000.0,4.5
45.0,3e-09,9e-11,5.5,1.0,725182000.0,0.5
46.0,3e-09,9e-11,5.5,1.0,725182000.0,1.5
47.0,3e-09,9e-11,5.5,1.0,725182000.0,4.5
48.0,3e-09,9e-11,5.5,1.0,7251820000.0,0.5
49.0,3e-09,9e-11,5.5,1.0,7251820000.0,1.5
50.0,3e-09,9e-11,5.5,1.0,7251820000.0,4.5
51.0,3e-09,9e-11,5.5,1.0,72518200000.0,0.5
52.0,3e-09,9e-11,5.5,1.0,72518200000.0,1.5
53.0,3e-09,9e-11,5.5,1.0,72518200000.0,4.5
54.0,3e-09,9e-11,55.0,0.0,725182000.0,0.5
55.0,3e-09,9e-11,55.0,0.0,725182000.0,1.5
56.0,3e-09,9e-11,55.0,0.0,725182000.0,4.5
57.0,3e-09,9e-11,55.0,0.0,7251820000.0,0.5
58.0,3e-09,9e-11,55.0,0.0,7251820000.0,1.5
59.0,3e-09,9e-11,55.0,0.0,7251820000.0,4.5
60.0,3e-09,9e-11,55.0,0.0,72518200000.0,0.5
61.0,3e-09,9e-11,55.0,0.0,72518200000.0,1.5
62.0,3e-09,9e-11,55.0,0.0,72518200000.0,4.5
63.0,3e-09,9e-11,55.0,0.25,725182000.0,0.5
64.0,3e-09,9e-11,55.0,0.25,725182000.0,1.5
65.0,3e-09,9e-11,55.0,0.25,725182000.0,4.5
66.0,3e-09,9e-11,55.0,0.25,7251820000.0,0.5
67.0,3e-09,9e-11,55.0,0.25,7251820000.0,1.5
68.0,3e-09,9e-11,55.0,0.25,7251820000.0,4.5
69.0,3e-09,9e-11,55.0,0.25,72518200000.0,0.5
70.0,3e-09,9e-11,55.0,0.25,72518200000.0,1.5
71.0,3e-09,9e-11,55.0,0.25,72518200000.0,4.5
72.0,3e-09,9e-11,55.0,1.0,725182000.0,0.5
73.0,3e-09,9e-11,55.0,1.0,725182000.0,1.5
74.0,3e-09,9e-11,55.0,1.0,725182000.0,4.5
75.0,3e-09,9e-11,55.0,1.0,7251820000.0,0.5
76.0,3e-09,9e-11,55.0,1.0,7251820000.0,1.5
77.0,3e-09,9e-11,55.0,1.0,7251820000.0,4.5
78.0,3e-09,9e-11,55.0,1.0,72518200000.0,0.5
79.0,3e-09,9e-11,55.0,1.0,72518200000.0,1.5
80.0,3e-09,9e-11,55.0,1.0,72518200000.0,4.5
81.0,3e-09,3e-10,0.55,0.0,725182000.0,0.5
82.0,3e-09,3e-10,0.55,0.0,725182000.0,1.5
83.0,3e-09,3e-10,0.55,0.0,725182000.0,4.5
84.0,3e-09,3e-10,0.55,0.0,7251820000.0,0.5
85.0,3e-09,3e-10,0.55,0.0,7251820000.0,1.5
86.0,3e-09,3e-10,0.55,0.0,7251820000.0,4.5
87.0,3e-09,3e-10,0.55,0.0,72518200000.0,0.5
88.0,3e-09,3e-10,0.55,0.0,72518200000.0,1.5
89.0,3e-09,3e-10,0.55,0.0,72518200000.0,4.5
90.0,3e-09,3e-10,0.55,0.25,725182000.0,0.5
91.0,3e-09,3e-10,0.55,0.25,725182000.0,1.5
92.0,3e-09,3e-10,0.55,0.25,725182000.0,4.5
93.0,3e-09,3e-10,0.55,0.25,7251820000.0,0.5
94.0,3e-09,3e-10,0.55,0.25,7251820000.0,1.5
95.0,3e-09,3e-10,0.55,0.25,7251820000.0,4.5
96.0,3e-09,3e-10,0.55,0.25,72518200000.0,0.5
97.0,3e-09,3e-10,0.55,0.25,72518200000.0,1.5
98.0,3e-09,3e-10,0.55,0.25,72518200000.0,4.5
99.0,3e-09,3e-10,0.55,1.0,725182000.0,0.5
100.0,3e-09,3e-10,0.55,1.0,725182000.0,1.5
101.0,3e-09,3e-10,0.55,1.0,725182000.0,4.5
102.0,3e-09,3e-10,0.55,1.0,7251820000.0,0.5
103.0,3e-09,3e-10,0.55,1.0,7251820000.0,1.5
104.0,3e-09,3e-10,0.55,1.0,7251820000.0,4.5
105.0,3e-09,3e-10,0.55,1.0,72518200000.0,0.5
106.0,3e-09,3e-10,0.55,1.0,72518200000.0,1.5
107.0,3e-09,3e-10,0.55,1.0,72518200000.0,4.5
108.0,3e-09,3e-10,5.5,0.0,725182000.0,0.5
109.0,3e-09,3e-10,5.5,0.0,725182000.0,1.5
110.0,3e-09,3e-10,5.5,0.0,725182000.0,4.5
111.0,3e-09,3e-10,5.5,0.0,7251820000.0,0.5
112.0,3e-09,3e-10,5.5,0.0,7251820000.0,1.5
113.0,3e-09,3e-10,5.5,0.0,7251820000.0,4.5
114.0,3e-09,3e-10,5.5,0.0,72518200000.0,0.5
115.0,3e-09,3e-10,5.5,0.0,72518200000.0,1.5
116.0,3e-09,3e-10,5.5,0.0,72518200000.0,4.5
117.0,3e-09,3e-10,5.5,0.25,725182000.0,0.5
118.0,3e-09,3e-10,5.5,0.25,725182000.0,1.5
119.0,3e-09,3e-10,5.5,0.25,725182000.0,4.5
120.0,3e-09,3e-10,5.5,0.25,7251820000.0,0.5
121.0,3e-09,3e-10,5.5,0.25,7251820000.0,1.5
122.0,3e-09,3e-10,5.5,0.25,7251820000.0,4.5
123.0,3e-09,3e-10,5.5,0.25,72518200000.0,0.5
124.0,3e-09,3e-10,5.5,0.25,72518200000.0,1.5
125.0,3e-09,3e-10,5.5,0.25,72518200000.0,4.5
126.0,3e-09,3e-10,5.5,1.0,725182000.0,0.5
127.0,3e-09,3e-10,5.5,1.0,725182000.0,1.5
128.0,3e-09,3e-10,5.5,1.0,725182000.0,4.5
129.0,3e-09,3e-10,5.5,1.0,7251820000.0,0.5
130.0,3e-09,3e-10,5.5,1.0,7251820000.0,1.5
131.0,3e-09,3e-10,5.5,1.0,7251820000.0,4.5
132.0,3e-09,3e-10,5.5,1.0,72518200000.0,0.5
133.0,3e-09,3e-10,5.5,1.0,72518200000.0,1.5
134.0,3e-09,3e-10,5.5,1.0,72518200000.0,4.5
135.0,3e-09,3e-10,55.0,0.0,725182000.0,0.5
136.0,3e-09,3e-10,55.0,0.0,725182000.0,1.5
137.0,3e-09,3e-10,55.0,0.0,725182000.0,4.5
138.0,3e-09,3e-10,55.0,0.0,7251820000.0,0.5
139.0,3e-09,3e-10,55.0,0.0,7251820000.0,1.5
140.0,3e-09,3e-10,55.0,0.0,7251820000.0,4.5
141.0,3e-09,3e-10,55.0,0.0,72518200000.0,0.5
142.0,3e-09,3e-10,55.0,0.0,72518200000.0,1.5
143.0,3e-09,3e-10,55.0,0.0,72518200000.0,4.5
144.0,3e-09,3e-10,55.0,0.25,725182000.0,0.5
145.0,3e-09,3e-10,55.0,0.25,725182000.0,1.5
146.0,3e-09,3e-10,55.0,0.25,725182000.0,4.5
147.0,3e-09,3e-10,55.0,0.25,7251820000.0,0.5
148.0,3e-09,3e-10,55.0,0.25,7251820000.0,1.5
149.0,3e-09,3e-10,55.0,0.25,7251820000.0,4.5
150.0,3e-09,3e-10,55.0,0.25,72518200000.0,0.5
151.0,3e-09,3e-10,55.0,0.25,72518200000.0,1.5
152.0,3e-09,3e-10,55.0,0.25,72518200000.0,4.5
153.0,3e-09,3e-10,55.0,1.0,725182000.0,0.5
154.0,3e-09,3e-10,55.0,1.0,725182000.0,1.5
155.0,3e-09,3e-10,55.0,1.0,725182000.0,4.5
156.0,3e-09,3e-10,55.0,1.0,7251820000.0,0.5
157.0,3e-09,3e-10,55.0,1.0,7251820000.0,1.5
158.0,3e-09,3e-10,55.0,1.0,7251820000.0,4.5
159.0,3e-09,3e-10,55.0,1.0,72518200000.0,0.5
160.0,3e-09,3e-10,55.0,1.0,72518200000.0,1.5
161.0,3e-09,3e-10,55.0,1.0,72518200000.0,4.5
162.0,3e-09,9e-10,0.55,0.0,725182000.0,0.5
163.0,3e-09,9e-10,0.55,0.0,725182000.0,1.5
164.0,3e-09,9e-10,0.55,0.0,725182000.0,4.5
165.0,3e-09,9e-10,0.55,0.0,7251820000.0,0.5
166.0,3e-09,9e-10,0.55,0.0,7251820000.0,1.5
167.0,3e-09,9e-10,0.55,0.0,7251820000.0,4.5
168.0,3e-09,9e-10,0.55,0.0,72518200000.0,0.5
169.0,3e-09,9e-10,0.55,0.0,72518200000.0,1.5
170.0,3e-09,9e-10,0.55,0.0,72518200000.0,4.5
171.0,3e-09,9e-10,0.55,0.25,725182000.0,0.5
172.0,3e-09,9e-10,0.55,0.25,725182000.0,1.5
173.0,3e-09,9e-10,0.55,0.25,725182000.0,4.5
174.0,3e-09,9e-10,0.55,0.25,7251820000.0,0.5
175.0,3e-09,9e-10,0.55,0.25,7251820000.0,1.5
176.0,3e-09,9e-10,0.55,0.25,7251820000.0,4.5
177.0,3e-09,9e-10,0.55,0.25,72518200000.0,0.5
178.0,3e-09,9e-10,0.55,0.25,72518200000.0,1.5
179.0,3e-09,9e-10,0.55,0.25,72518200000.0,4.5
180.0,3e-09,9e-10,0.55,1.0,725182000.0,0.5
181.0,3e-09,9e-10,0.55,1.0,725182000.0,1.5
182.0,3e-09,9e-10,0.55,1.0,725182000.0,4.5
183.0,3e-09,9e-10,0.55,1.0,7251820000.0,0.5
184.0,3e-09,9e-10,0.55,1.0,7251820000.0,1.5
185.0,3e-09,9e-10,0.55,1.0,7251820000.0,4.5
186.0,3e-09,9e-10,0.55,1.0,72518200000.0,0.5
187.0,3e-09,9e-10,0.55,1.0,72518200000.0,1.5
188.0,3e-09,9e-10,0.55,1.0,72518200000.0,4.5
189.0,3e-09,9e-10,5.5,0.0,725182000.0,0.5
190.0,3e-09,9e-10,5.5,0.0,725182000.0,1.5
191.0,3e-09,9e-10,5.5,0.0,725182000.0,4.5
192.0,3e-09,9e-10,5.5,0.0,7251820000.0,0.5
193.0,3e-09,9e-10,5.5,0.0,7251820000.0,1.5
194.0,3e-09,9e-10,5.5,0.0,7251820000.0,4.5
195.0,3e-09,9e-10,5.5,0.0,72518200000.0,0.5
196.0,3e-09,9e-10,5.5,0.0,72518200000.0,1.5
197.0,3e-09,9e-10,5.5,0.0,72518200000.0,4.5
198.0,3e-09,9e-10,5.5,0.25,725182000.0,0.5
199.0,3e-09,9e-10,5.5,0.25,725182000.0,1.5
200.0,3e-09,9e-10,5.5,0.25,725182000.0,4.5
201.0,3e-09,9e-10,5.5,0.25,7251820000.0,0.5
202.0,3e-09,9e-10,5.5,0.25,7251820000.0,1.5
203.0,3e-09,9e-10,5.5,0.25,7251820000.0,4.5
204.0,3e-09,9e-10,5.5,0.25,72518200000.0,0.5
205.0,3e-09,9e-10,5.5,0.25,72518200000.0,1.5
206.0,3e-09,9e-10,5.5,0.25,72518200000.0,4.5
207.0,3e-09,9e-10,5.5,1.0,725182000.0,0.5
208.0,3e-09,9e-10,5.5,1.0,725182000.0,1.5
209.0,3e-09,9e-10,5.5,1.0,725182000.0,4.5
210.0,3e-09,9e-10,5.5,1.0,7251820000.0,0.5
211.0,3e-09,9e-10,5.5,1.0,7251820000.0,1.5
212.0,3e-09,9e-10,5.5,1.0,7251820000.0,4.5
213.0,3e-09,9e-10,5.5,1.0,72518200000.0,0.5
214.0,3e-09,9e-10,5.5,1.0,72518200000.0,1.5
215.0,3e-09,9e-10,5.5,1.0,72518200000.0,4.5
216.0,3e-09,9e-10,55.0,0.0,725182000.0,0.5
217.0,3e-09,9e-10,55.0,0.0,725182000.0,1.5
218.0,3e-09,9e-10,55.0,0.0,725182000.0,4.5
219.0,3e-09,9e-10,55.0,0.0,7251820000.0,0.5
220.0,3e-09,9e-10,55.0,0.0,7251820000.0,1.5
221.0,3e-09,9e-10,55.0,0.0,7251820000.0,4.5
222.0,3e-09,9e-10,55.0,0.0,72518200000.0,0.5
223.0,3e-09,9e-10,55.0,0.0,72518200000.0,1.5
224.0,3e-09,9e-10,55.0,0.0,72518200000.0,4.5
225.0,3e-09,9e-10,55.0,0.25,725182000.0,0.5
226.0,3e-09,9e-10,55.0,0.25,725182000.0,1.5
227.0,3e-09,9e-10,55.0,0.25,725182000.0,4.5
228.0,3e-09,9e-10,55.0,0.25,7251820000.0,0.5
229.0,3e-09,9e-10,55.0,0.25,7251820000.0,1.5
230.0,3e-09,9e-10,55.0,0.25,7251820000.0,4.5
231.0,3e-09,9e-10,55.0,0.25,72518200000.0,0.5
232.0,3e-09,9e-10,55.0,0.25,72518200000.0,1.5
233.0,3e-09,9e-10,55.0,0.25,72518200000.0,4.5
234.0,3e-09,9e-10,55.0,1.0,725182000.0,0.5
235.0,3e-09,9e-10,55.0,1.0,725182000.0,1.5
236.0,3e-09,9e-10,55.0,1.0,725182000.0,4.5
237.0,3e-09,9e-10,55.0,1.0,7251820000.0,0.5
238.0,3e-09,9e-10,55.0,1.0,7251820000.0,1.5
239.0,3e-09,9e-10,55.0,1.0,7251820000.0,4.5
240.0,3e-09,9e-10,55.0,1.0,72518200000.0,0.5
241.0,3e-09,9e-10,55.0,1.0,72518200000.0,1.5
242.0,3e-09,9e-10,55.0,1.0,72518200000.0,4.5
243.0,1e-08,3e-10,0.55,0.0,725182000.0,0.5
244.0,1e-08,3e-10,0.55,0.0,725182000.0,1.5
245.0,1e-08,3e-10,0.55,0.0,725182000.0,4.5
246.0,1e-08,3e-10,0.55,0.0,7251820000.0,0.5
247.0,1e-08,3e-10,0.55,0.0,7251820000.0,1.5
248.0,1e-08,3e-10,0.55,0.0,7251820000.0,4.5
249.0,1e-08,3e-10,0.55,0.0,72518200000.0,0.5
250.0,1e-08,3e-10,0.55,0.0,72518200000.0,1.5
251.0,1e-08,3e-10,0.55,0.0,72518200000.0,4.5
252.0,1e-08,3e-10,0.55,0.25,725182000.0,0.5
253.0,1e-08,3e-10,0.55,0.25,725182000.0,1.5
254.0,1e-08,3e-10,0.55,0.25,725182000.0,4.5
255.0,1e-08,3e-10,0.55,0.25,7251820000.0,0.5
256.0,1e-08,3e-10,0.55,0.25,7251820000.0,1.5
257.0,1e-08,3e-10,0.55,0.25,7251820000.0,4.5
258.0,1e-08,3e-10,0.55,0.25,72518200000.0,0.5
259.0,1e-08,3e-10,0.55,0.25,72518200000.0,1.5
260.0,1e-08,3e-10,0.55,0.25,72518200000.0,4.5
261.0,1e-08,3e-10,0.55,1.0,725182000.0,0.5
262.0,1e-08,3e-10,0.55,1.0,725182000.0,1.5
263.0,1e-08,3e-10,0.55,1.0,725182000.0,4.5
264.0,1e-08,3e-10,0.55,1.0,7251820000.0,0.5
265.0,1e-08,3e-10,0.55,1.0,7251820000.0,1.5
266.0,1e-08,3e-10,0.55,1.0,7251820000.0,4.5
267.0,1e-08,3e-10,0.55,1.0,72518200000.0,0.5
268.0,1e-08,3e-10,0.55,1.0,72518200000.0,1.5
269.0,1e-08,3e-10,0.55,1.0,72518200000.0,4.5
270.0,1e-08,3e-10,5.5,0.0,725182000.0,0.5
271.0,1e-08,3e-10,5.5,0.0,725182000.0,1.5
272.0,1e-08,3e-10,5.5,0.0,725182000.0,4.5
273.0,1e-08,3e-10,5.5,0.0,7251820000.0,0.5
274.0,1e-08,3e-10,5.5,0.0,7251820000.0,1.5
275.0,1e-08,3e-10,5.5,0.0,7251820000.0,4.5
276.0,1e-08,3e-10,5.5,0.0,72518200000.0,0.5
277.0,1e-08,3e-10,5.5,0.0,72518200000.0,1.5
278.0,1e-08,3e-10,5.5,0.0,72518200000.0,4.5
279.0,1e-08,3e-10,5.5,0.25,725182000.0,0.5
280.0,1e-08,3e-10,5.5,0.25,725182000.0,1.5
281.0,1e-08,3e-10,5.5,0.25,725182000.0,4.5
282.0,1e-08,3e-10,5.5,0.25,7251820000.0,0.5
283.0,1e-08,3e-10,5.5,0.25,7251820000.0,1.5
284.0,1e-08,3e-10,5.5,0.25,7251820000.0,4.5
285.0,1e-08,3e-10,5.5,0.25,72518200000.0,0.5
286.0,1e-08,3e-10,5.5,0.25,72518200000.0,1.5
287.0,1e-08,3e-10,5.5,0.25,72518200000.0,4.5
288.0,1e-08,3e-10,5.5,1.0,725182000.0,0.5
289.0,1e-08,3e-10,5.5,1.0,725182000.0,1.5
290.0,1e-08,3e-10,5.5,1.0,725182000.0,4.5
291.0,1e-08,3e-10,5.5,1.0,7251820000.0,0.5
292.0,1e-08,3e-10,5.5,1.0,7251820000.0,1.5
293.0,1e-08,3e-10,5.5,1.0,7251820000.0,4.5
294.0,1e-08,3e-10,5.5,1.0,72518200000.0,0.5
295.0,1e-08,3e-10,5.5,1.0,72518200000.0,1.5
296.0,1e-08,3e-10,5.5,1.0,72518200000.0,4.5
297.0,1e-08,3e-10,55.0,0.0,725182000.0,0.5
298.0,1e-08,3e-10,55.0,0.0,725182000.0,1.5
299.0,1e-08,3e-10,55.0,0.0,725182000.0,4.5
300.0,1e-08,3e-10,55.0,0.0,7251820000.0,0.5
301.0,1e-08,3e-10,55.0,0.0,7251820000.0,1.5
302.0,1e-08,3e-10,55.0,0.0,7251820000.0,4.5
303.0,1e-08,3e-10,55.0,0.0,72518200000.0,0.5
304.0,1e-08,3e-10,55.0,0.0,72518200000.0,1.5
305.0,1e-08,3e-10,55.0,0.0,72518200000.0,4.5
306.0,1e-08,3e-10,55.0,0.25,725182000.0,0.5
307.0,1e-08,3e-10,55.0,0.25,725182000.0,1.5
308.0,1e-08,3e-10,55.0,0.25,725182000.0,4.5
309.0,1e-08,3e-10,55.0,0.25,7251820000.0,0.5
310.0,1e-08,3e-10,55.0,0.25,7251820000.0,1.5
311.0,1e-08,3e-10,55.0,0.25,7251820000.0,4.5
312.0,1e-08,3e-10,55.0,0.25,72518200000.0,0.5
313.0,1e-08,3e-10,55.0,0.25,72518200000.0,1.5
314.0,1e-08,3e-10,55.0,0.25,72518200000.0,4.5
315.0,1e-08,3e-10,55.0,1.0,725182000.0,0.5
316.0,1e-08,3e-10,55.0,1.0,725182000.0,1.5
317.0,1e-08,3e-10,55.0,1.0,725182000.0,4.5
318.0,1e-08,3e-10,55.0,1.0,7251820000.0,0.5
319.0,1e-08,3e-10,55.0,1.0,7251820000.0,1.5
320.0,1e-08,3e-10,55.0,1.0,7251820000.0,4.5
321.0,1e-08,3e-10,55.0,1.0,72518200000.0,0.5
322.0,1e-08,3e-10,55.0,1.0,72518200000.0,1.5
323.0,1e-08,3e-10,55.0,1.0,72518200000.0,4.5
324.0,1e-08,1e-09,0.55,0.0,725182000.0,0.5
325.0,1e-08,1e-09,0.55,0.0,725182000.0,1.5
326.0,1e-08,1e-09,0.55,0.0,725182000.0,4.5
327.0,1e-08,1e-09,0.55,0.0,7251820000.0,0.5
328.0,1e-08,1e-09,0.55,0.0,7251820000.0,1.5
329.0,1e-08,1e-09,0.55,0.0,7251820000.0,4.5
330.0,1e-08,1e-09,0.55,0.0,72518200000.0,0.5
331.0,1e-08,1e-09,0.55,0.0,72518200000.0,1.5
332.0,1e-08,1e-09,0.55,0.0,72518200000.0,4.5
333.0,1e-08,1e-09,0.55,0.25,725182000.0,0.5
334.0,1e-08,1e-09,0.55,0.25,725182000.0,1.5
335.0,1e-08,1e-09,0.55,0.25,725182000.0,4.5
336.0,1e-08,1e-09,0.55,0.25,7251820000.0,0.5
337.0,1e-08,1e-09,0.55,0.25,7251820000.0,1.5
338.0,1e-08,1e-09,0.55,0.25,7251820000.0,4.5
339.0,1e-08,1e-09,0.55,0.25,72518200000.0,0.5
340.0,1e-08,1e-09,0.55,0.25,72518200000.0,1.5
341.0,1e-08,1e-09,0.55,0.25,72518200000.0,4.5
342.0,1e-08,1e-09,0.55,1.0,725182000.0,0.5
343.0,1e-08,1e-09,0.55,1.0,725182000.0,1.5
344.0,1e-08,1e-09,0.55,1.0,725182000.0,4.5
345.0,1e-08,1e-09,0.55,1.0,7251820000.0,0.5
346.0,1e-08,1e-09,0.55,1.0,7251820000.0,1.5
347.0,1e-08,1e-09,0.55,1.0,7251820000.0,4.5
348.0,1e-08,1e-09,0.55,1.0,72518200000.0,0.5
349.0,1e-08,1e-09,0.55,1.0,72518200000.0,1.5
350.0,1e-08,1e-09,0.55,1.0,72518200000.0,4.5
351.0,1e-08,1e-09,5.5,0.0,725182000.0,0.5
352.0,1e-08,1e-09,5.5,0.0,725182000.0,1.5
353.0,1e-08,1e-09,5.5,0.0,725182000.0,4.5
354.0,1e-08,1e-09,5.5,0.0,7251820000.0,0.5
355.0,1e-08,1e-09,5.5,0.0,7251820000.0,1.5
356.0,1e-08,1e-09,5.5,0.0,7251820000.0,4.5
357.0,1e-08,1e-09,5.5,0.0,72518200000.0,0.5
358.0,1e-08,1e-09,5.5,0.0,72518200000.0,1.5
359.0,1e-08,1e-09,5.5,0.0,72518200000.0,4.5
360.0,1e-08,1e-09,5.5,0.25,725182000.0,0.5
361.0,1e-08,1e-09,5.5,0.25,725182000.0,1.5
362.0,1e-08,1e-09,5.5,0.25,725182000.0,4.5
363.0,1e-08,1e-09,5.5,0.25,7251820000.0,0.5
364.0,1e-08,1e-09,5.5,0.25,7251820000.0,1.5
365.0,1e-08,1e-09,5.5,0.25,7251820000.0,4.5
366.0,1e-08,1e-09,5.5,0.25,72518200000.0,0.5
367.0,1e-08,1e-09,5.5,0.25,72518200000.0,1.5
368.0,1e-08,1e-09,5.5,0.25,72518200000.0,4.5
369.0,1e-08,1e-09,5.5,1.0,725182000.0,0.5
370.0,1e-08,1e-09,5.5,1.0,725182000.0,1.5
371.0,1e-08,1e-09,5.5,1.0,725182000.0,4.5
372.0,1e-08,1e-09,5.5,1.0,7251820000.0,0.5
373.0,1e-08,1e-09,5.5,1.0,7251820000.0,1.5
374.0,1e-08,1e-09,5.5,1.0,7251820000.0,4.5
375.0,1e-08,1e-09,5.5,1.0,72518200000.0,0.5
376.0,1e-08,1e-09,5.5,1.0,72518200000.0,1.5
377.0,1e-08,1e-09,5.5,1.0,72518200000.0,4.5
378.0,1e-08,1e-09,55.0,0.0,725182000.0,0.5
379.0,1e-08,1e-09,55.0,0.0,725182000.0,1.5
380.0,1e-08,1e-09,55.0,0.0,725182000.0,4.5
381.0,1e-08,1e-09,55.0,0.0,7251820000.0,0.5
382.0,1e-08,1e-09,55.0,0.0,7251820000.0,1.5
383.0,1e-08,1e-09,55.0,0.0,7251820000.0,4.5
384.0,1e-08,1e-09,55.0,0.0,72518200000.0,0.5
385.0,1e-08,1e-09,55.0,0.0,72518200000.0,1.5
386.0,1e-08,1e-09,55.0,0.0,72518200000.0,4.5
387.0,1e-08,1e-09,55.0,0.25,725182000.0,0.5
388.0,1e-08,1e-09,55.0,0.25,725182000.0,1.5
389.0,1e-08,1e-09,55.0,0.25,725182000.0,4.5
390.0,1e-08,1e-09,55.0,0.25,7251820000.0,0.5
391.0,1e-08,1e-09,55.0,0.25,7251820000.0,1.5
392.0,1e-08,1e-09,55.0,0.25,7251820000.0,4.5
393.0,1e-08,1e-09,55.0,0.25,72518200000.0,0.5
394.0,1e-08,1e-09,55.0,0.25,72518200000.0,1.5
395.0,1e-08,1e-09,55.0,0.25,72518200000.0,4.5
396.0,1e-08,1e-09,55.0,1.0,725182000.0,0.5
397.0,1e-08,1e-09,55.0,1.0,725182000.0,1.5
398.0,1e-08,1e-09,55.0,1.0,725182000.0,4.5
399.0,1e-08,1e-09,55.0,1.0,7251820000.0,0.5
400.0,1e-08,1e-09,55.0,1.0,7251820000.0,1.5
401.0,1e-08,1e-09,55.0,1.0,7251820000.0,4.5
402.0,1e-08,1e-09,55.0,1.0,72518200000.0,0.5
403.0,1e-08,1e-09,55.0,1.0,72518200000.0,1.5
404.0,1e-08,1e-09,55.0,1.0,72518200000.0,4.5
405.0,1e-08,3e-09,0.55,0.0,725182000.0,0.5
406.0,1e-08,3e-09,0.55,0.0,725182000.0,1.5
407.0,1e-08,3e-09,0.55,0.0,725182000.0,4.5
408.0,1e-08,3e-09,0.55,0.0,7251820000.0,0.5
409.0,1e-08,3e-09,0.55,0.0,7251820000.0,1.5
410.0,1e-08,3e-09,0.55,0.0,7251820000.0,4.5
411.0,1e-08,3e-09,0.55,0.0,72518200000.0,0.5
412.0,1e-08,3e-09,0.55,0.0,72518200000.0,1.5
413.0,1e-08,3e-09,0.55,0.0,72518200000.0,4.5
414.0,1e-08,3e-09,0.55,0.25,725182000.0,0.5
415.0,1e-08,3e-09,0.55,0.25,725182000.0,1.5
416.0,1e-08,3e-09,0.55,0.25,725182000.0,4.5
417.0,1e-08,3e-09,0.55,0.25,7251820000.0,0.5
418.0,1e-08,3e-09,0.55,0.25,7251820000.0,1.5
419.0,1e-08,3e-09,0.55,0.25,7251820000.0,4.5
420.0,1e-08,3e-09,0.55,0.25,72518200000.0,0.5
421.0,1e-08,3e-09,0.55,0.25,72518200000.0,1.5
422.0,1e-08,3e-09,0.55,0.25,72518200000.0,4.5
423.0,1e-08,3e-09,0.55,1.0,725182000.0,0.5
424.0,1e-08,3e-09,0.55,1.0,725182000.0,1.5
425.0,1e-08,3e-09,0.55,1.0,725182000.0,4.5
426.0,1e-08,3e-09,0.55,1.0,7251820000.0,0.5
427.0,1e-08,3e-09,0.55,1.0,7251820000.0,1.5
428.0,1e-08,3e-09,0.55,1.0,7251820000.0,4.5
429.0,1e-08,3e-09,0.55,1.0,72518200000.0,0.5
430.0,1e-08,3e-09,0.55,1.0,72518200000.0,1.5
431.0,1e-08,3e-09,0.55,1.0,72518200000.0,4.5
432.0,1e-08,3e-09,5.5,0.0,725182000.0,0.5
433.0,1e-08,3e-09,5.5,0.0,725182000.0,1.5
434.0,1e-08,3e-09,5.5,0.0,725182000.0,4.5
435.0,1e-08,3e-09,5.5,0.0,7251820000.0,0.5
436.0,1e-08,3e-09,5.5,0.0,7251820000.0,1.5
437.0,1e-08,3e-09,5.5,0.0,7251820000.0,4.5
438.0,1e-08,3e-09,5.5,0.0,72518200000.0,0.5
439.0,1e-08,3e-09,5.5,0.0,72518200000.0,1.5
440.0,1e-08,3e-09,5.5,0.0,72518200000.0,4.5
441.0,1e-08,3e-09,5.5,0.25,725182000.0,0.5
442.0,1e-08,3e-09,5.5,0.25,725182000.0,1.5
443.0,1e-08,3e-09,5.5,0.25,725182000.0,4.5
444.0,1e-08,3e-09,5.5,0.25,7251820000.0,0.5
445.0,1e-08,3e-09,5.5,0.25,7251820000.0,1.5
446.0,1e-08,3e-09,5.5,0.25,7251820000.0,4.5
447.0,1e-08,3e-09,5.5,0.25,72518200000.0,0.5
448.0,1e-08,3e-09,5.5,0.25,72518200000.0,1.5
449.0,1e-08,3e-09,5.5,0.25,72518200000.0,4.5
450.0,1e-08,3e-09,5.5,1.0,725182000.0,0.5
451.0,1e-08,3e-09,5.5,1.0,725182000.0,1.5
452.0,1e-08,3e-09,5.5,1.0,725182000.0,4.5
453.0,1e-08,3e-09,5.5,1.0,7251820000.0,0.5
454.0,1e-08,3e-09,5.5,1.0,7251820000.0,1.5
455.0,1e-08,3e-09,5.5,1.0,7251820000.0,4.5
456.0,1e-08,3e-09,5.5,1.0,72518200000.0,0.5
457.0,1e-08,3e-09,5.5,1.0,72518200000.0,1.5
458.0,1e-08,3e-09,5.5,1.0,72518200000.0,4.5
459.0,1e-08,3e-09,55.0,0.0,725182000.0,0.5
460.0,1e-08,3e-09,55.0,0.0,725182000.0,1.5
461.0,1e-08,3e-09,55.0,0.0,725182000.0,4.5
462.0,1e-08,3e-09,55.0,0.0,7251820000.0,0.5
463.0,1e-08,3e-09,55.0,0.0,7251820000.0,1.5
464.0,1e-08,3e-09,55.0,0.0,7251820000.0,4.5
465.0,1e-08,3e-09,55.0,0.0,72518200000.0,0.5
466.0,1e-08,3e-09,55.0,0.0,72518200000.0,1.5
467.0,1e-08,3e-09,55.0,0.0,72518200000.0,4.5
468.0,1e-08,3e-09,55.0,0.25,725182000.0,0.5
469.0,1e-08,3e-09,55.0,0.25,725182000.0,1.5
470.0,1e-08,3e-09,55.0,0.25,725182000.0,4.5
471.0,1e-08,3e-09,55.0,0.25,7251820000.0,0.5
472.0,1e-08,3e-09,55.0,0.25,7251820000.0,1.5
473.0,1e-08,3e-09,55.0,0.25,7251820000.0,4.5
474.0,1e-08,3e-09,55.0,0.25,72518200000.0,0.5
475.0,1e-08,3e-09,55.0,0.25,72518200000.0,1.5
476.0,1e-08,3e-09,55.0,0.25,72518200000.0,4.5
477.0,1e-08,3e-09,55.0,1.0,725182000.0,0.5
478.0,1e-08,3e-09,55.0,1.0,725182000.0,1.5
479.0,1e-08,3e-09,55.0,1.0,725182000.0,4.5
480.0,1e-08,3e-09,55.0,1.0,7251820000.0,0.5
481.0,1e-08,3e-09,55.0,1.0,7251820000.0,1.5
482.0,1e-08,3e-09,55.0,1.0,7251820000.0,4.5
483.0,1e-08,3e-09,55.0,1.0,72518200000.0,0.5
484.0,1e-08,3e-09,55.0,1.0,72518200000.0,1.5
485.0,1e-08,3e-09,55.0,1.0,72518200000.0,4.5
486.0,3e-08,9e-10,0.55,0.0,725182000.0,0.5
487.0,3e-08,9e-10,0.55,0.0,725182000.0,1.5
488.0,3e-08,9e-10,0.55,0.0,725182000.0,4.5
489.0,3e-08,9e-10,0.55,0.0,7251820000.0,0.5
490.0,3e-08,9e-10,0.55,0.0,7251820000.0,1.5
491.0,3e-08,9e-10,0.55,0.0,7251820000.0,4.5
492.0,3e-08,9e-10,0.55,0.0,72518200000.0,0.5
493.0,3e-08,9e-10,0.55,0.0,72518200000.0,1.5
494.0,3e-08,9e-10,0.55,0.0,72518200000.0,4.5
495.0,3e-08,9e-10,0.55,0.25,725182000.0,0.5
496.0,3e-08,9e-10,0.55,0.25,725182000.0,1.5
497.0,3e-08,9e-10,0.55,0.25,725182000.0,4.5
498.0,3e-08,9e-10,0.55,0.25,7251820000.0,0.5
499.0,3e-08,9e-10,0.55,0.25,7251820000.0,1.5
500.0,3e-08,9e-10,0.55,0.25,7251820000.0,4.5
501.0,3e-08,9e-10,0.55,0.25,72518200000.0,0.5
502.0,3e-08,9e-10,0.55,0.25,72518200000.0,1.5
503.0,3e-08,9e-10,0.55,0.25,72518200000.0,4.5
504.0,3e-08,9e-10,0.55,1.0,725182000.0,0.5
505.0,3e-08,9e-10,0.55,1.0,725182000.0,1.5
506.0,3e-08,9e-10,0.55,1.0,725182000.0,4.5
507.0,3e-08,9e-10,0.55,1.0,7251820000.0,0.5
508.0,3e-08,9e-10,0.55,1.0,7251820000.0,1.5
509.0,3e-08,9e-10,0.55,1.0,7251820000.0,4.5
510.0,3e-08,9e-10,0.55,1.0,72518200000.0,0.5
511.0,3e-08,9e-10,0.55,1.0,72518200000.0,1.5
512.0,3e-08,9e-10,0.55,1.0,72518200000.0,4.5
513.0,3e-08,9e-10,5.5,0.0,725182000.0,0.5
514.0,3e-08,9e-10,5.5,0.0,725182000.0,1.5
515.0,3e-08,9e-10,5.5,0.0,725182000.0,4.5
516.0,3e-08,9e-10,5.5,0.0,7251820000.0,0.5
517.0,3e-08,9e-10,5.5,0.0,7251820000.0,1.5
518.0,3e-08,9e-10,5.5,0.0,7251820000.0,4.5
519.0,3e-08,9e-10,5.5,0.0,72518200000.0,0.5
520.0,3e-08,9e-10,5.5,0.0,72518200000.0,1.5
521.0,3e-08,9e-10,5.5,0.0,72518200000.0,4.5
522.0,3e-08,9e-10,5.5,0.25,725182000.0,0.5
523.0,3e-08,9e-10,5.5,0.25,725182000.0,1.5
524.0,3e-08,9e-10,5.5,0.25,725182000.0,4.5
525.0,3e-08,9e-10,5.5,0.25,7251820000.0,0.5
526.0,3e-08,9e-10,5.5,0.25,7251820000.0,1.5
527.0,3e-08,9e-10,5.5,0.25,7251820000.0,4.5
528.0,3e-08,9e-10,5.5,0.25,72518200000.0,0.5
529.0,3e-08,9e-10,5.5,0.25,72518200000.0,1.5
530.0,3e-08,9e-10,5.5,0.25,72518200000.0,4.5
531.0,3e-08,9e-10,5.5,1.0,725182000.0,0.5
532.0,3e-08,9e-10,5.5,1.0,725182000.0,1.5
533.0,3e-08,9e-10,5.5,1.0,725182000.0,4.5
534.0,3e-08,9e-10,5.5,1.0,7251820000.0,0.5
535.0,3e-08,9e-10,5.5,1.0,7251820000.0,1.5
536.0,3e-08,9e-10,5.5,1.0,7251820000.0,4.5
537.0,3e-08,9e-10,5.5,1.0,72518200000.0,0.5
538.0,3e-08,9e-10,5.5,1.0,72518200000.0,1.5
539.0,3e-08,9e-10,5.5,1.0,72518200000.0,4.5
540.0,3e-08,9e-10,55.0,0.0,725182000.0,0.5
541.0,3e-08,9e-10,55.0,0.0,725182000.0,1.5
542.0,3e-08,9e-10,55.0,0.0,725182000.0,4.5
543.0,3e-08,9e-10,55.0,0.0,7251820000.0,0.5
544.0,3e-08,9e-10,55.0,0.0,7251820000.0,1.5
545.0,3e-08,9e-10,55.0,0.0,7251820000.0,4.5
546.0,3e-08,9e-10,55.0,0.0,72518200000.0,0.5
547.0,3e-08,9e-10,55.0,0.0,72518200000.0,1.5
548.0,3e-08,9e-10,55.0,0.0,72518200000.0,4.5
549.0,3e-08,9e-10,55.0,0.25,725182000.0,0.5
550.0,3e-08,9e-10,55.0,0.25,725182000.0,1.5
551.0,3e-08,9e-10,55.0,0.25,725182000.0,4.5
552.0,3e-08,9e-10,55.0,0.25,7251820000.0,0.5
553.0,3e-08,9e-10,55.0,0.25,7251820000.0,1.5
554.0,3e-08,9e-10,55.0,0.25,7251820000.0,4.5
555.0,3e-08,9e-10,55.0,0.25,72518200000.0,0.5
556.0,3e-08,9e-10,55.0,0.25,72518200000.0,1.5
557.0,3e-08,9e-10,55.0,0.25,72518200000.0,4.5
558.0,3e-08,9e-10,55.0,1.0,725182000.0,0.5
559.0,3e-08,9e-10,55.0,1.0,725182000.0,1.5
560.0,3e-08,9e-10,55.0,1.0,725182000.0,4.5
561.0,3e-08,9e-10,55.0,1.0,7251820000.0,0.5
562.0,3e-08,9e-10,55.0,1.0,7251820000.0,1.5
563.0,3e-08,9e-10,55.0,1.0,7251820000.0,4.5
564.0,3e-08,9e-10,55.0,1.0,72518200000.0,0.5
565.0,3e-08,9e-10,55.0,1.0,72518200000.0,1.5
566.0,3e-08,9e-10,55.0,1.0,72518200000.0,4.5
567.0,3e-08,3e-09,0.55,0.0,725182000.0,0.5
568.0,3e-08,3e-09,0.55,0.0,725182000.0,1.5
569.0,3e-08,3e-09,0.55,0.0,725182000.0,4.5
570.0,3e-08,3e-09,0.55,0.0,7251820000.0,0.5
571.0,3e-08,3e-09,0.55,0.0,7251820000.0,1.5
572.0,3e-08,3e-09,0.55,0.0,7251820000.0,4.5
573.0,3e-08,3e-09,0.55,0.0,72518200000.0,0.5
574.0,3e-08,3e-09,0.55,0.0,72518200000.0,1.5
575.0,3e-08,3e-09,0.55,0.0,72518200000.0,4.5
576.0,3e-08,3e-09,0.55,0.25,725182000.0,0.5
577.0,3e-08,3e-09,0.55,0.25,725182000.0,1.5
578.0,3e-08,3e-09,0.55,0.25,725182000.0,4.5
579.0,3e-08,3e-09,0.55,0.25,7251820000.0,0.5
580.0,3e-08,3e-09,0.55,0.25,7251820000.0,1.5
581.0,3e-08,3e-09,0.55,0.25,7251820000.0,4.5
582.0,3e-08,3e-09,0.55,0.25,72518200000.0,0.5
583.0,3e-08,3e-09,0.55,0.25,72518200000.0,1.5
584.0,3e-08,3e-09,0.55,0.25,72518200000.0,4.5
585.0,3e-08,3e-09,0.55,1.0,725182000.0,0.5
586.0,3e-08,3e-09,0.55,1.0,725182000.0,1.5
587.0,3e-08,3e-09,0.55,1.0,725182000.0,4.5
588.0,3e-08,3e-09,0.55,1.0,7251820000.0,0.5
589.0,3e-08,3e-09,0.55,1.0,7251820000.0,1.5
590.0,3e-08,3e-09,0.55,1.0,7251820000.0,4.5
591.0,3e-08,3e-09,0.55,1.0,72518200000.0,0.5
592.0,3e-08,3e-09,0.55,1.0,72518200000.0,1.5
593.0,3e-08,3e-09,0.55,1.0,72518200000.0,4.5
594.0,3e-08,3e-09,5.5,0.0,725182000.0,0.5
595.0,3e-08,3e-09,5.5,0.0,725182000.0,1.5
596.0,3e-08,3e-09,5.5,0.0,725182000.0,4.5
597.0,3e-08,3e-09,5.5,0.0,7251820000.0,0.5
598.0,3e-08,3e-09,5.5,0.0,7251820000.0,1.5
599.0,3e-08,3e-09,5.5,0.0,7251820000.0,4.5
600.0,3e-08,3e-09,5.5,0.0,72518200000.0,0.5
601.0,3e-08,3e-09,5.5,0.0,72518200000.0,1.5
602.0,3e-08,3e-09,5.5,0.0,72518200000.0,4.5
603.0,3e-08,3e-09,5.5,0.25,725182000.0,0.5
604.0,3e-08,3e-09,5.5,0.25,725182000.0,1.5
605.0,3e-08,3e-09,5.5,0.25,725182000.0,4.5
606.0,3e-08,3e-09,5.5,0.25,7251820000.0,0.5
607.0,3e-08,3e-09,5.5,0.25,7251820000.0,1.5
608.0,3e-08,3e-09,5.5,0.25,7251820000.0,4.5
609.0,3e-08,3e-09,5.5,0.25,72518200000.0,0.5
610.0,3e-08,3e-09,5.5,0.25,72518200000.0,1.5
611.0,3e-08,3e-09,5.5,0.25,72518200000.0,4.5
612.0,3e-08,3e-09,5.5,1.0,725182000.0,0.5
613.0,3e-08,3e-09,5.5,1.0,725182000.0,1.5
614.0,3e-08,3e-09,5.5,1.0,725182000.0,4.5
615.0,3e-08,3e-09,5.5,1.0,7251820000.0,0.5
616.0,3e-08,3e-09,5.5,1.0,7251820000.0,1.5
617.0,3e-08,3e-09,5.5,1.0,7251820000.0,4.5
618.0,3e-08,3e-09,5.5,1.0,72518200000.0,0.5
619.0,3e-08,3e-09,5.5,1.0,72518200000.0,1.5
620.0,3e-08,3e-09,5.5,1.0,72518200000.0,4.5
621.0,3e-08,3e-09,55.0,0.0,725182000.0,0.5
622.0,3e-08,3e-09,55.0,0.0,725182000.0,1.5
623.0,3e-08,3e-09,55.0,0.0,725182000.0,4.5
624.0,3e-08,3e-09,55.0,0.0,7251820000.0,0.5
625.0,3e-08,3e-09,55.0,0.0,7251820000.0,1.5
626.0,3e-08,3e-09,55.0,0.0,7251820000.0,4.5
627.0,3e-08,3e-09,55.0,0.0,72518200000.0,0.5
628.0,3e-08,3e-09,55.0,0.0,72518200000.0,1.5
629.0,3e-08,3e-09,55.0,0.0,72518200000.0,4.5
630.0,3e-08,3e-09,55.0,0.25,725182000.0,0.5
631.0,3e-08,3e-09,55.0,0.25,725182000.0,1.5
632.0,3e-08,3e-09,55.0,0.25,725182000.0,4.5
633.0,3e-08,3e-09,55.0,0.25,7251820000.0,0.5
634.0,3e-08,3e-09,55.0,0.25,7251820000.0,1.5
635.0,3e-08,3e-09,55.0,0.25,7251820000.0,4.5
636.0,3e-08,3e-09,55.0,0.25,72518200000.0,0.5
637.0,3e-08,3e-09,55.0,0.25,72518200000.0,1.5
638.0,3e-08,3e-09,55.0,0.25,72518200000.0,4.5
639.0,3e-08,3e-09,55.0,1.0,725182000.0,0.5
640.0,3e-08,3e-09,55.0,1.0,725182000.0,1.5
641.0,3e-08,3e-09,55.0,1.0,725182000.0,4.5
642.0,3e-08,3e-09,55.0,1.0,7251820000.0,0.5
643.0,3e-08,3e-09,55.0,1.0,7251820000.0,1.5
644.0,3e-08,3e-09,55.0,1.0,7251820000.0,4.5
645.0,3e-08,3e-09,55.0,1.0,72518200000.0,0.5
646.0,3e-08,3e-09,55.0,1.0,72518200000.0,1.5
647.0,3e-08,3e-09,55.0,1.0,72518200000.0,4.5
648.0,3e-08,9e-09,0.55,0.0,725182000.0,0.5
649.0,3e-08,9e-09,0.55,0.0,725182000.0,1.5
650.0,3e-08,9e-09,0.55,0.0,725182000.0,4.5
651.0,3e-08,9e-09,0.55,0.0,7251820000.0,0.5
652.0,3e-08,9e-09,0.55,0.0,7251820000.0,1.5
653.0,3e-08,9e-09,0.55,0.0,7251820000.0,4.5
654.0,3e-08,9e-09,0.55,0.0,72518200000.0,0.5
655.0,3e-08,9e-09,0.55,0.0,72518200000.0,1.5
656.0,3e-08,9e-09,0.55,0.0,72518200000.0,4.5
657.0,3e-08,9e-09,0.55,0.25,725182000.0,0.5
658.0,3e-08,9e-09,0.55,0.25,725182000.0,1.5
659.0,3e-08,9e-09,0.55,0.25,725182000.0,4.5
660.0,3e-08,9e-09,0.55,0.25,7251820000.0,0.5
661.0,3e-08,9e-09,0.55,0.25,7251820000.0,1.5
662.0,3e-08,9e-09,0.55,0.25,7251820000.0,4.5
663.0,3e-08,9e-09,0.55,0.25,72518200000.0,0.5
664.0,3e-08,9e-09,0.55,0.25,72518200000.0,1.5
665.0,3e-08,9e-09,0.55,0.25,72518200000.0,4.5
666.0,3e-08,9e-09,0.55,1.0,725182000.0,0.5
667.0,3e-08,9e-09,0.55,1.0,725182000.0,1.5
668.0,3e-08,9e-09,0.55,1.0,725182000.0,4.5
669.0,3e-08,9e-09,0.55,1.0,7251820000.0,0.5
670.0,3e-08,9e-09,0.55,1.0,7251820000.0,1.5
671.0,3e-08,9e-09,0.55,1.0,7251820000.0,4.5
672.0,3e-08,9e-09,0.55,1.0,72518200000.0,0.5
673.0,3e-08,9e-09,0.55,1.0,72518200000.0,1.5
674.0,3e-08,9e-09,0.55,1.0,72518200000.0,4.5
675.0,3e-08,9e-09,5.5,0.0,725182000.0,0.5
676.0,3e-08,9e-09,5.5,0.0,725182000.0,1.5
677.0,3e-08,9e-09,5.5,0.0,725182000.0,4.5
678.0,3e-08,9e-09,5.5,0.0,7251820000.0,0.5
679.0,3e-08,9e-09,5.5,0.0,7251820000.0,1.5
680.0,3e-08,9e-09,5.5,0.0,7251820000.0,4.5
681.0,3e-08,9e-09,5.5,0.0,72518200000.0,0.5
682.0,3e-08,9e-09,5.5,0.0,72518200000.0,1.5
683.0,3e-08,9e-09,5.5,0.0,72518200000.0,4.5
684.0,3e-08,9e-09,5.5,0.25,725182000.0,0.5
685.0,3e-08,9e-09,5.5,0.25,725182000.0,1.5
686.0,3e-08,9e-09,5.5,0.25,725182000.0,4.5
687.0,3e-08,9e-09,5.5,0.25,7251820000.0,0.5
688.0,3e-08,9e-09,5.5,0.25,7251820000.0,1.5
689.0,3e-08,9e-09,5.5,0.25,7251820000.0,4.5
690.0,3e-08,9e-09,5.5,0.25,72518200000.0,0.5
691.0,3e-08,9e-09,5.5,0.25,72518200000.0,1.5
692.0,3e-08,9e-09,5.5,0.25,72518200000.0,4.5
693.0,3e-08,9e-09,5.5,1.0,725182000.0,0.5
694.0,3e-08,9e-09,5.5,1.0,725182000.0,1.5
695.0,3e-08,9e-09,5.5,1.0,725182000.0,4.5
696.0,3e-08,9e-09,5.5,1.0,7251820000.0,0.5
697.0,3e-08,9e-09,5.5,1.0,7251820000.0,1.5
698.0,3e-08,9e-09,5.5,1.0,7251820000.0,4.5
699.0,3e-08,9e-09,5.5,1.0,72518200000.0,0.5
700.0,3e-08,9e-09,5.5,1.0,72518200000.0,1.5
701.0,3e-08,9e-09,5.5,1.0,72518200000.0,4.5
702.0,3e-08,9e-09,55.0,0.0,725182000.0,0.5
703.0,3e-08,9e-09,55.0,0.0,725182000.0,1.5
704.0,3e-08,9e-09,55.0,0.0,725182000.0,4.5
705.0,3e-08,9e-09,55.0,0.0,7251820000.0,0.5
706.0,3e-08,9e-09,55.0,0.0,7251820000.0,1.5
707.0,3e-08,9e-09,55.0,0.0,7251820000.0,4.5
708.0,3e-08,9e-09,55.0,0.0,72518200000.0,0.5
709.0,3e-08,9e-09,55.0,0.0,72518200000.0,1.5
710.0,3e-08,9e-09,55.0,0.0,72518200000.0,4.5
711.0,3e-08,9e-09,55.0,0.25,725182000.0,0.5
712.0,3e-08,9e-09,55.0,0.25,725182000.0,1.5
713.0,3e-08,9e-09,55.0,0.25,725182000.0,4.5
714.0,3e-08,9e-09,55.0,0.25,7251820000.0,0.5
715.0,3e-08,9e-09,55.0,0.25,7251820000.0,1.5
716.0,3e-08,9e-09,55.0,0.25,7251820000.0,4.5
717.0,3e-08,9e-09,55.0,0.25,72518200000.0,0.5
718.0,3e-08,9e-09,55.0,0.25,72518200000.0,1.5
719.0,3e-08,9e-09,55.0,0.25,72518200000.0,4.5
720.0,3e-08,9e-09,55.0,1.0,725182000.0,0.5
721.0,3e-08,9e-09,55.0,1.0,725182000.0,1.5
722.0,3e-08,9e-09,55.0,1.0,725182000.0,4.5
723.0,3e-08,9e-09,55.0,1.0,7251820000.0,0.5
724.0,3e-08,9e-09,55.0,1.0,7251820000.0,1.5
725.0,3e-08,9e-09,55.0,1.0,7251820000.0,4.5
726.0,3e-08,9e-09,55.0,1.0,72518200000.0,0.5
727.0,3e-08,9e-09,55.0,1.0,72518200000.0,1.5
728.0,3e-08,9e-09,55.0,1.0,72518200000.0,4.5
